dfnvarn, dataframe ,  variable,        intercept,   [b1. b2. b3]. ,            R squared,         standard deviation   count
mlt20cmaEXPIR , mlt20cma , EXPIR , 4.2507 , 0.23852 , -0.0027296 , 2.39e-06 , 0.04774 , 2.50577 , 1019
mlt20cmaFEF75 , mlt20cma , FEF75 , -0.16266 , -0.08964 , 0.0045808 , 8.45e-05 , 0.51921 , 0.74895 , 1019
mlt20cmaFEV05 , mlt20cma , FEV05 , -0.02278 , -0.09372 , 0.0061888 , 9.929e-05 , 0.86286 , 0.79308 , 1019
mlt20cmaFEV1 , mlt20cma , FEV1 , -0.12327 , -0.15548 , 0.0087919 , 0.00014659 , 0.89895 , 1.06123 , 1019
mlt20cmaFEV3 , mlt20cma , FEV3 , -0.03847 , -0.20932 , 0.0110769 , 0.00017218 , 0.90726 , 1.22065 , 1019
mlt20cmaFEV6 , mlt20cma , FEV6 , -0.0028 , -0.21192 , 0.0112363 , 0.00017284 , 0.90532 , 1.2311 , 1019
mlt20cmaFVC , mlt20cma , FVC , 0.01195 , -0.21296 , 0.011291 , 0.00017278 , 0.90454 , 1.23275 , 1019
mlt20cmaMMEF , mlt20cma , MMEF , -0.20835 , -0.09687 , 0.0077037 , 0.0001418 , 0.6401 , 1.33846 , 1019
mlt20cmaPEFR , mlt20cma , PEFR , 0.55271 , -0.33295 , 0.0220001 , 0.00025096 , 0.80633 , 2.34186 , 1019
m20overcmaEXPIR , m20overcma , EXPIR , 3.40624 , 0.33373 , -0.0025631 , -4.622e-05 , 0.1937 , 3.83724 , 1130
m20overcmaFEF75 , m20overcma , FEF75 , 2.14008 , -0.06326 , 0.0003688 , 3.639e-05 , 0.49088 , 0.74126 , 1130
m20overcmaFEV05 , m20overcma , FEV05 , 0.91978 , 0.00191 , -0.0002283 , 8.489e-05 , 0.56387 , 0.61762 , 1130
m20overcmaFEV1 , m20overcma , FEV1 , 0.98398 , -0.01653 , -0.0001309 , 0.00012975 , 0.67009 , 0.81546 , 1130
m20overcmaFEV3 , m20overcma , FEV3 , 0.56288 , -0.02137 , -0.0001038 , 0.00017052 , 0.68221 , 0.93103 , 1130
m20overcmaFEV6 , m20overcma , FEV6 , 0.24546 , -0.01196 , -0.0001723 , 0.0001789 , 0.65253 , 0.9271 , 1130
m20overcmaFVC , m20overcma , FVC , -0.01376 , -0.00264 , -0.0002275 , 0.00018221 , 0.6085 , 0.90512 , 1130
m20overcmaMMEF , m20overcma , MMEF , 3.70737 , -0.03441 , -0.0001627 , 6.407e-05 , 0.46399 , 1.39554 , 1130
m20overcmaPEFR , m20overcma , PEFR , 1.04681 , 0.07164 , -0.0011848 , 0.00025889 , 0.37909 , 1.94632 , 1130
mlt20bEXPIR , mlt20b , EXPIR , -1.16585 , 1.0584 , -0.0335478 , 1.41e-06 , 0.03837 , 2.78273 , 599
mlt20bFEF75 , mlt20b , FEF75 , -0.01076 , -0.07806 , 0.0047796 , 5.921e-05 , 0.43935 , 0.73086 , 599
mlt20bFEV05 , mlt20b , FEV05 , -0.20729 , -0.07896 , 0.0047614 , 9.731e-05 , 0.81825 , 0.75236 , 599
mlt20bFEV1 , mlt20b , FEV1 , -0.26449 , -0.14508 , 0.0071577 , 0.00013919 , 0.85134 , 0.97863 , 599
mlt20bFEV3 , mlt20b , FEV3 , -0.36084 , -0.18293 , 0.0082296 , 0.00016891 , 0.86316 , 1.11481 , 599
mlt20bFEV6 , mlt20b , FEV6 , -0.35098 , -0.18691 , 0.0083064 , 0.00017199 , 0.86231 , 1.12684 , 599
mlt20bFVC , mlt20b , FVC , -0.34495 , -0.18819 , 0.0083586 , 0.00017247 , 0.862 , 1.13035 , 599
mlt20bMMEF , mlt20b , MMEF , -0.55326 , -0.01181 , 0.0048576 , 0.00011409 , 0.55414 , 1.33263 , 599
mlt20bPEFR , mlt20b , PEFR , -0.2718 , -0.23969 , 0.0167515 , 0.00025955 , 0.76633 , 2.3747 , 599
m20overbEXPIR , m20overb , EXPIR , 0.95647 , 0.24478 , -0.0016948 , 6.92e-05 , 0.14504 , 3.63188 , 477
m20overbFEF75 , m20overb , FEF75 , 2.00297 , -0.04776 , 0.0002398 , 2.45e-05 , 0.30381 , 0.71266 , 477
m20overbFEV05 , m20overb , FEV05 , 0.61979 , -0.00642 , -0.0001309 , 8.605e-05 , 0.38441 , 0.58556 , 477
m20overbFEV1 , m20overb , FEV1 , 0.82517 , -0.02465 , -8.5e-06 , 0.00011813 , 0.47603 , 0.72169 , 477
m20overbFEV3 , m20overb , FEV3 , 0.68374 , -0.0315 , 5.08e-05 , 0.00014534 , 0.4986 , 0.7956 , 477
m20overbFEV6 , m20overb , FEV6 , 0.46874 , -0.02688 , 2.73e-05 , 0.00015267 , 0.47012 , 0.80014 , 477
m20overbFVC , m20overb , FVC , 0.24263 , -0.02183 , 3.7e-06 , 0.00015761 , 0.43703 , 0.80028 , 477
m20overbMMEF , m20overb , MMEF , 2.44193 , -0.00918 , -0.0003896 , 7.423e-05 , 0.27717 , 1.32605 , 477
m20overbPEFR , m20overb , PEFR , 1.31568 , 0.00498 , -0.0005885 , 0.00027615 , 0.26659 , 2.04716 , 477
flt18cmaEXPIR , flt18cma , EXPIR , 3.73575 , 0.21001 , -0.0094292 , 7.52e-05 , 0.0092 , 2.64036 , 966
flt18cmaFEF75 , flt18cma , FEF75 , -0.77122 , 0.04738 , -0.0001678 , 7.382e-05 , 0.41561 , 0.6007 , 966
flt18cmaFEV05 , flt18cma , FEV05 , -1.11841 , 0.14061 , -0.0034854 , 8.481e-05 , 0.75393 , 0.52287 , 966
flt18cmaFEV1 , flt18cma , FEV1 , -1.26127 , 0.09815 , -0.0014094 , 0.00012443 , 0.81971 , 0.69314 , 966
flt18cmaFEV3 , flt18cma , FEV3 , -1.23687 , 0.06806 , -0.0001246 , 0.00014304 , 0.82608 , 0.77379 , 966
flt18cmaFEV6 , flt18cma , FEV6 , -1.17151 , 0.05717 , 0.0002509 , 0.00014467 , 0.82128 , 0.77885 , 966
flt18cmaFVC , flt18cma , FVC , -1.1732 , 0.05817 , 0.000224 , 0.00014468 , 0.8212 , 0.77983 , 966
flt18cmaMMEF , flt18cma , MMEF , -2.28745 , 0.36871 , -0.0105031 , 0.00011163 , 0.49386 , 0.97962 , 966
flt18cmaPEFR , flt18cma , PEFR , -4.37345 , 0.67357 , -0.0201231 , 0.00020547 , 0.62724 , 1.52114 , 966
f18overcmaEXPIR , f18overcma , EXPIR , 2.72097 , 0.27649 , -0.0020855 , -2.138e-05 , 0.15396 , 3.83825 , 2113
f18overcmaFEF75 , f18overcma , FEF75 , 1.97121 , -0.05319 , 0.0003013 , 2.872e-05 , 0.53352 , 0.65502 , 2113
f18overcmaFEV05 , f18overcma , FEV05 , 0.69228 , 0.00282 , -0.0001934 , 7.177e-05 , 0.64335 , 0.4991 , 2113
f18overcmaFEV1 , f18overcma , FEV1 , 0.77674 , -0.00921 , -0.0001374 , 0.00010647 , 0.72003 , 0.65502 , 2113
f18overcmaFEV3 , f18overcma , FEV3 , 0.43792 , -0.0069 , -0.00017 , 0.00013529 , 0.70941 , 0.72931 , 2113
f18overcmaFEV6 , f18overcma , FEV6 , 0.21042 , 0.00025 , -0.0002216 , 0.00014105 , 0.6764 , 0.72082 , 2113
f18overcmaFVC , f18overcma , FVC , 0.02895 , 0.00588 , -0.0002559 , 0.00014407 , 0.64144 , 0.70495 , 2113
f18overcmaMMEF , f18overcma , MMEF , 3.12159 , -0.02647 , -0.0001425 , 5.124e-05 , 0.53442 , 1.14733 , 2113
f18overcmaPEFR , f18overcma , PEFR , 1.02891 , 0.05084 , -0.0008555 , 0.00019732 , 0.4222 , 1.46687 , 2113
flt18bEXPIR , flt18b , EXPIR , 6.95062 , -0.22114 , 0.0102789 , 1.273e-05 , 0.00405 , 2.7202 , 590
flt18bFEF75 , flt18b , FEF75 , -0.43678 , -0.01396 , 0.0023239 , 6.395e-05 , 0.35955 , 0.58172 , 590
flt18bFEV05 , flt18b , FEV05 , -0.80025 , 0.07436 , -0.0009263 , 7.802e-05 , 0.72016 , 0.48978 , 590
flt18bFEV1 , flt18b , FEV1 , -1.09687 , 0.07939 , -0.0008047 , 0.00010671 , 0.76385 , 0.62003 , 590
flt18bFEV3 , flt18b , FEV3 , -1.11238 , 0.0711 , -0.0005303 , 0.0001204 , 0.76284 , 0.67473 , 590
flt18bFEV6 , flt18b , FEV6 , -1.08878 , 0.06843 , -0.0004901 , 0.00012183 , 0.7588 , 0.67795 , 590
flt18bFVC , flt18b , FVC , -1.05111 , 0.06463 , -0.0003505 , 0.00012161 , 0.75653 , 0.67722 , 590
flt18bMMEF , flt18b , MMEF , -1.36029 , 0.12216 , -0.0012925 , 0.00012258 , 0.44585 , 1.0136 , 590
flt18bPEFR , flt18b , PEFR , -3.28646 , 0.49615 , -0.0123598 , 0.00018946 , 0.59678 , 1.50588 , 590
f18overbEXPIR , f18overb , EXPIR , 2.00395 , 0.26391 , -0.0021709 , 2.071e-05 , 0.10208 , 3.92513 , 957
f18overbFEF75 , f18overb , FEF75 , 1.81301 , -0.05565 , 0.000369 , 2.76e-05 , 0.4149 , 0.61427 , 957
f18overbFEV05 , f18overb , FEV05 , 0.55146 , -0.00803 , -8.75e-05 , 7.53e-05 , 0.5111 , 0.47591 , 957
f18overbFEV1 , f18overb , FEV1 , 0.45512 , -0.01787 , -3.41e-05 , 0.0001081 , 0.59601 , 0.59041 , 957
f18overbFEV3 , f18overb , FEV3 , 0.04483 , -0.01405 , -7.84e-05 , 0.00013424 , 0.58501 , 0.65048 , 957
f18overbFEV6 , f18overb , FEV6 , -0.1812 , -0.00723 , -0.0001318 , 0.00013999 , 0.55445 , 0.64664 , 957
f18overbFVC , f18overb , FVC , -0.32 , -0.00221 , -0.0001663 , 0.0001421 , 0.52306 , 0.63846 , 957
f18overbMMEF , f18overb , MMEF , 2.79809 , -0.04689 , 8.17e-05 , 6.712e-05 , 0.38365 , 1.13502 , 957
f18overbPEFR , f18overb , PEFR , 1.90294 , 0.02095 , -0.000662 , 0.00018594 , 0.30739 , 1.56201 , 957
mlt20cEXPIR , mlt20c , EXPIR , 7.15071 , -0.24651 , 0.0125545 , 3.473e-05 , 0.04131 , 2.46813 , 419
mlt20cFEF75 , mlt20c , FEF75 , 0.17265 , -0.1587 , 0.0066891 , 8.789e-05 , 0.5731 , 0.73519 , 419
mlt20cFEV05 , mlt20c , FEV05 , 0.09351 , -0.12087 , 0.0066918 , 0.00010263 , 0.87849 , 0.80562 , 419
mlt20cFEV1 , mlt20c , FEV1 , 0.07798 , -0.20132 , 0.009955 , 0.00015123 , 0.91106 , 1.09857 , 419
mlt20cFEV3 , mlt20c , FEV3 , 0.14185 , -0.25078 , 0.0122109 , 0.0001765 , 0.91873 , 1.27751 , 419
mlt20cFEV6 , mlt20c , FEV6 , 0.1318 , -0.24505 , 0.0120444 , 0.0001771 , 0.91513 , 1.28745 , 419
mlt20cFVC , mlt20c , FVC , 0.17246 , -0.25126 , 0.0122529 , 0.00017758 , 0.91391 , 1.2893 , 419
mlt20cMMEF , mlt20c , MMEF , 0.00448 , -0.15815 , 0.0090163 , 0.00014881 , 0.66624 , 1.33569 , 419
mlt20cPEFR , mlt20c , PEFR , 0.99302 , -0.39163 , 0.023371 , 0.00024908 , 0.82329 , 2.34952 , 419
m20overcEXPIR , m20overc , EXPIR , 3.16456 , 0.30967 , -0.0022553 , -2.512e-05 , 0.17246 , 4.0761 , 528
m20overcFEF75 , m20overc , FEF75 , 2.38094 , -0.06258 , 0.0003544 , 2.815e-05 , 0.55266 , 0.74223 , 528
m20overcFEV05 , m20overc , FEV05 , 0.74224 , 0.00846 , -0.0002779 , 8.418e-05 , 0.59324 , 0.67741 , 528
m20overcFEV1 , m20overc , FEV1 , 1.01215 , -0.01366 , -0.0001555 , 0.00012629 , 0.69381 , 0.91035 , 528
m20overcFEV3 , m20overc , FEV3 , 0.67935 , -0.02325 , -9.1e-05 , 0.00016889 , 0.7125 , 1.04634 , 528
m20overcFEV6 , m20overc , FEV6 , 0.23443 , -0.0112 , -0.0001817 , 0.00017924 , 0.68736 , 1.03462 , 528
m20overcFVC , m20overc , FVC , -0.18871 , -0.00014 , -0.0002483 , 0.00018611 , 0.64179 , 1.00222 , 528
m20overcMMEF , m20overc , MMEF , 3.82344 , -0.02908 , -0.0001939 , 5.256e-05 , 0.50544 , 1.44463 , 528
m20overcPEFR , m20overc , PEFR , 1.70607 , 0.08491 , -0.0012858 , 0.00022445 , 0.43797 , 2.01352 , 528
mlt20maEXPIR , mlt20ma , EXPIR , 1.93088 , 0.65684 , -0.0155372 , -3.706e-05 , 0.05905 , 2.53017 , 600
mlt20maFEF75 , mlt20ma , FEF75 , -0.20351 , -0.11406 , 0.0048111 , 0.000101 , 0.50499 , 0.7568 , 600
mlt20maFEV05 , mlt20ma , FEV05 , 0.02086 , -0.12395 , 0.0069624 , 0.00011017 , 0.8613 , 0.78473 , 600
mlt20maFEV1 , mlt20ma , FEV1 , -0.12192 , -0.17737 , 0.0092247 , 0.00015748 , 0.89612 , 1.03527 , 600
mlt20maFEV3 , mlt20ma , FEV3 , -0.06555 , -0.21682 , 0.0111308 , 0.00017851 , 0.90003 , 1.1795 , 600
mlt20maFEV6 , mlt20ma , FEV6 , -0.0028 , -0.2238 , 0.0114793 , 0.00017892 , 0.89921 , 1.19023 , 600
mlt20maFVC , mlt20ma , FVC , -0.00505 , -0.22166 , 0.0114347 , 0.00017859 , 0.89883 , 1.19176 , 600
mlt20maMMEF , mlt20ma , MMEF , -0.00959 , -0.18402 , 0.0098129 , 0.00017073 , 0.64309 , 1.33674 , 600
mlt20maPEFR , mlt20ma , PEFR , 0.44986 , -0.38734 , 0.0231754 , 0.00028011 , 0.79962 , 2.33845 , 600
m20overmaEXPIR , m20overma , EXPIR , 3.88411 , 0.41054 , -0.0035744 , -0.00010801 , 0.20773 , 3.56827 , 602
m20overmaFEF75 , m20overma , FEF75 , 1.71127 , -0.06919 , 0.0004559 , 5.479e-05 , 0.41831 , 0.72489 , 602
m20overmaFEV05 , m20overma , FEV05 , 0.62309 , 0.00012 , -0.0002194 , 9.768e-05 , 0.53479 , 0.55999 , 602
m20overmaFEV1 , m20overma , FEV1 , 0.79143 , -0.01841 , -0.0001116 , 0.00013809 , 0.63842 , 0.72278 , 602
m20overmaFEV3 , m20overma , FEV3 , 0.66125 , -0.02097 , -0.0001059 , 0.00016638 , 0.63496 , 0.81263 , 602
m20overmaFEV6 , m20overma , FEV6 , 0.42487 , -0.01318 , -0.0001609 , 0.00017327 , 0.59574 , 0.81297 , 602
m20overmaFVC , m20overma , FVC , 0.24474 , -0.00352 , -0.000227 , 0.000174 , 0.54865 , 0.7964 , 602
m20overmaMMEF , m20overma , MMEF , 2.33293 , -0.03385 , -0.0001662 , 0.00011369 , 0.39857 , 1.30901 , 602
m20overmaPEFR , m20overma , PEFR , -0.70082 , 0.07249 , -0.001223 , 0.0003225 , 0.33186 , 1.88615 , 602
flt18cEXPIR , flt18c , EXPIR , 2.01431 , 0.68276 , -0.0254803 , 1.879e-05 , 0.00925 , 2.6355 , 409
flt18cFEF75 , flt18c , FEF75 , -0.86175 , 0.04226 , -0.0006757 , 8.12e-05 , 0.45227 , 0.59526 , 409
flt18cFEV05 , flt18c , FEV05 , -0.95897 , 0.08303 , -0.0021837 , 9.808e-05 , 0.80235 , 0.53346 , 409
flt18cFEV1 , flt18c , FEV1 , -0.9308 , 0.00857 , 0.0009929 , 0.00013997 , 0.8503 , 0.72064 , 409
flt18cFEV3 , flt18c , FEV3 , -0.70461 , -0.05864 , 0.0036226 , 0.00016118 , 0.85598 , 0.81031 , 409
flt18cFEV6 , flt18c , FEV6 , -0.62323 , -0.06934 , 0.0040048 , 0.00016195 , 0.85022 , 0.81357 , 409
flt18cFVC , flt18c , FVC , -0.641 , -0.06551 , 0.0038683 , 0.00016192 , 0.85036 , 0.8144 , 409
flt18cMMEF , flt18c , MMEF , -2.31735 , 0.31924 , -0.0103304 , 0.00013304 , 0.53043 , 0.96902 , 409
flt18cPEFR , flt18c , PEFR , -3.78115 , 0.50043 , -0.0149636 , 0.00023274 , 0.72283 , 1.50932 , 409
f18overcEXPIR , f18overc , EXPIR , -0.03208 , 0.32896 , -0.0025221 , 2.61e-05 , 0.15571 , 3.9433 , 1108
f18overcFEF75 , f18overc , FEF75 , 2.17342 , -0.05761 , 0.0003375 , 2.538e-05 , 0.58673 , 0.64162 , 1108
f18overcFEV05 , f18overc , FEV05 , 0.76252 , 0.00563 , -0.0002148 , 6.581e-05 , 0.68464 , 0.53481 , 1108
f18overcFEV1 , f18overc , FEV1 , 0.92979 , -0.00685 , -0.0001603 , 9.875e-05 , 0.75206 , 0.71404 , 1108
f18overcFEV3 , f18overc , FEV3 , 0.6091 , -0.00423 , -0.0001989 , 0.00012727 , 0.74506 , 0.80445 , 1108
f18overcFEV6 , f18overc , FEV6 , 0.2853 , 0.00484 , -0.0002657 , 0.00013466 , 0.71441 , 0.79644 , 1108
f18overcFVC , f18overc , FVC , -0.0036 , 0.01198 , -0.0003119 , 0.0001401 , 0.68288 , 0.78064 , 1108
f18overcMMEF , f18overc , MMEF , 3.29092 , -0.03209 , -7.64e-05 , 4.683e-05 , 0.56473 , 1.16476 , 1108
f18overcPEFR , f18overc , PEFR , 1.8281 , 0.06141 , -0.0009549 , 0.00015864 , 0.49894 , 1.52783 , 1108
flt18maEXPIR , flt18ma , EXPIR , 4.43015 , 0.03045 , -0.0023731 , 8.436e-05 , 0.00875 , 2.62669 , 557
flt18maFEF75 , flt18ma , FEF75 , -0.49862 , -0.01779 , 0.0022272 , 8.275e-05 , 0.40431 , 0.60295 , 557
flt18maFEV05 , flt18ma , FEV05 , -1.12125 , 0.14237 , -0.003346 , 8.424e-05 , 0.72712 , 0.51509 , 557
flt18maFEV1 , flt18ma , FEV1 , -1.40423 , 0.12722 , -0.0022156 , 0.00012166 , 0.80071 , 0.67288 , 557
flt18maFEV3 , flt18ma , FEV3 , -1.58885 , 0.1432 , -0.0025181 , 0.00013486 , 0.80407 , 0.74607 , 557
flt18maFEV6 , flt18ma , FEV6 , -1.53108 , 0.13054 , -0.0020896 , 0.00013745 , 0.80028 , 0.75255 , 557
flt18maFVC , flt18ma , FVC , -1.5209 , 0.12939 , -0.0020339 , 0.00013752 , 0.79998 , 0.75365 , 557
flt18maMMEF , flt18ma , MMEF , -1.88906 , 0.27729 , -0.0069641 , 0.00012313 , 0.48739 , 0.982 , 557
flt18maPEFR , flt18ma , PEFR , -4.56767 , 0.7221 , -0.0217568 , 0.00020218 , 0.56486 , 1.53031 , 557
f18overmaEXPIR , f18overma , EXPIR , 3.21631 , 0.20224 , -0.0012535 , 2.23e-05 , 0.15479 , 3.70263 , 1005
f18overmaFEF75 , f18overma , FEF75 , 1.75877 , -0.04967 , 0.0002739 , 3.39e-05 , 0.43842 , 0.64374 , 1005
f18overmaFEV05 , f18overma , FEV05 , 0.35951 , 0.00363 , -0.0002094 , 8.553e-05 , 0.57369 , 0.44872 , 1005
f18overmaFEV1 , f18overma , FEV1 , 0.5771 , -0.01053 , -0.0001268 , 0.00011584 , 0.66115 , 0.57632 , 1005
f18overmaFEV3 , f18overma , FEV3 , 0.40367 , -0.00989 , -0.0001423 , 0.00013892 , 0.64615 , 0.63448 , 1005
f18overmaFEV6 , f18overma , FEV6 , 0.23148 , -0.00428 , -0.0001806 , 0.00014399 , 0.61034 , 0.62664 , 1005
f18overmaFVC , f18overma , FVC , 0.11011 , -0.00062 , -0.0001939 , 0.00014631 , 0.56964 , 0.61101 , 1005
f18overmaMMEF , f18overma , MMEF , 2.09105 , -0.00965 , -0.0003273 , 8.152e-05 , 0.44378 , 1.06204 , 1005
f18overmaPEFR , f18overma , PEFR , 0.15653 , 0.05142 , -0.0009002 , 0.00023404 , 0.33009 , 1.39561 , 1005
mallcmaEXPIR , mallcma , EXPIR , 4.65955 , 0.27626 , -0.0020282 , -4.334e-05 , 0.35005 , 3.74242 , 2149
mallcmaFEF75 , mallcma , FEF75 , -0.48204 , -0.03152 , 7.14e-05 , 0.00010036 , 0.44821 , 0.74772 , 2149
mallcmaFEV05 , mallcma , FEV05 , -1.02274 , 0.04078 , -0.0005909 , 0.00012011 , 0.7783 , 0.82144 , 2149
mallcmaFEV1 , mallcma , FEV1 , -1.54024 , 0.03542 , -0.0006155 , 0.00017437 , 0.8174 , 1.06294 , 2149
mallcmaFEV3 , mallcma , FEV3 , -1.96337 , 0.04038 , -0.0006797 , 0.00020749 , 0.8346 , 1.24393 , 2149
mallcmaFEV6 , mallcma , FEV6 , -2.02905 , 0.04874 , -0.0007381 , 0.00020816 , 0.83744 , 1.28228 , 2149
mallcmaFVC , mallcma , FVC , -2.05031 , 0.05409 , -0.0007564 , 0.00020657 , 0.83805 , 1.30276 , 2149
mallcmaMMEF , mallcma , MMEF , -1.02071 , 0.035 , -0.0008098 , 0.00016947 , 0.51283 , 1.39965 , 2149
mallcmaPEFR , mallcma , PEFR , -3.43398 , 0.18366 , -0.0022312 , 0.00032279 , 0.73298 , 2.66872 , 2149
mallbEXPIR , mallb , EXPIR , 4.23058 , 0.18347 , -0.0010767 , 5.86e-06 , 0.23379 , 3.46969 , 1076
mallbFEF75 , mallb , FEF75 , -0.58561 , -0.01071 , -0.0001397 , 8.323e-05 , 0.32809 , 0.72323 , 1076
mallbFEV05 , mallb , FEV05 , -1.07853 , 0.03521 , -0.0005524 , 0.00011208 , 0.73753 , 0.78868 , 1076
mallbFEV1 , mallb , FEV1 , -1.53649 , 0.03174 , -0.0005776 , 0.0001552 , 0.77523 , 0.99579 , 1076
mallbFEV3 , mallb , FEV3 , -1.87077 , 0.03447 , -0.0006123 , 0.00018161 , 0.79932 , 1.14297 , 1076
mallbFEV6 , mallb , FEV6 , -1.91858 , 0.0396 , -0.0006402 , 0.00018307 , 0.80243 , 1.17595 , 1076
mallbFVC , mallb , FVC , -1.94431 , 0.04257 , -0.0006431 , 0.00018298 , 0.80291 , 1.19512 , 1076
mallbMMEF , mallb , MMEF , -1.23464 , 0.05167 , -0.0010117 , 0.00015182 , 0.44605 , 1.38221 , 1076
mallbPEFR , mallb , PEFR , -3.65565 , 0.16695 , -0.002233 , 0.00032463 , 0.68845 , 2.68834 , 1076
mallcEXPIR , mallc , EXPIR , 4.98601 , 0.25393 , -0.0017613 , -3.933e-05 , 0.35156 , 3.98101 , 947
mallcFEF75 , mallc , FEF75 , -0.55398 , -0.03691 , 0.0001458 , 0.00010079 , 0.5183 , 0.74538 , 947
mallcFEV05 , mallc , FEV05 , -1.02598 , 0.03575 , -0.0005115 , 0.00011872 , 0.78775 , 0.84532 , 947
mallcFEV1 , mallc , FEV1 , -1.58549 , 0.02906 , -0.0005223 , 0.00017494 , 0.82514 , 1.11319 , 947
mallcFEV3 , mallc , FEV3 , -2.03995 , 0.0331 , -0.0005812 , 0.00021074 , 0.84175 , 1.31515 , 947
mallcFEV6 , mallc , FEV6 , -2.09829 , 0.04314 , -0.0006569 , 0.00021046 , 0.84494 , 1.35391 , 947
mallcFVC , mallc , FVC , -2.12331 , 0.04919 , -0.0006816 , 0.00020872 , 0.84442 , 1.37538 , 947
mallcMMEF , mallc , MMEF , -1.06866 , 0.01906 , -0.0005894 , 0.00016931 , 0.54369 , 1.41284 , 947
mallcPEFR , mallc , PEFR , -3.19539 , 0.17614 , -0.0020761 , 0.00030816 , 0.74911 , 2.69864 , 947
mallmaEXPIR , mallma , EXPIR , 4.65089 , 0.3312 , -0.0027807 , -7.412e-05 , 0.34105 , 3.50785 , 1202
mallmaFEF75 , mallma , FEF75 , -0.70348 , -0.03951 , 0.0001653 , 0.00011688 , 0.42389 , 0.74141 , 1202
mallmaFEV05 , mallma , FEV05 , -1.21913 , 0.04155 , -0.0006298 , 0.00013067 , 0.79255 , 0.8024 , 1202
mallmaFEV1 , mallma , FEV1 , -1.7175 , 0.03631 , -0.0006533 , 0.0001843 , 0.82542 , 1.02111 , 1202
mallmaFEV3 , mallma , FEV3 , -2.05494 , 0.04486 , -0.0007587 , 0.0002114 , 0.83302 , 1.17977 , 1202
mallmaFEV6 , mallma , FEV6 , -2.10688 , 0.05297 , -0.0008175 , 0.00021156 , 0.83356 , 1.21556 , 1202
mallmaFVC , mallma , FVC , -2.1117 , 0.05888 , -0.0008464 , 0.00020901 , 0.83422 , 1.23292 , 1202
mallmaMMEF , mallma , MMEF , -1.53018 , 0.03193 , -0.000813 , 0.0001988 , 0.52747 , 1.37423 , 1202
mallmaPEFR , mallma , PEFR , -4.09566 , 0.18667 , -0.0023657 , 0.00035516 , 0.73214 , 2.64183 , 1202
fallcmaEXPIR , fallcma , EXPIR , 5.10932 , 0.20319 , -0.0014199 , -4.636e-05 , 0.24653 , 3.7886 , 3079
fallcmaFEF75 , fallcma , FEF75 , -0.03455 , -0.02593 , 6.01e-05 , 8.167e-05 , 0.48613 , 0.66787 , 3079
fallcmaFEV05 , fallcma , FEV05 , -0.37555 , 0.02056 , -0.0003512 , 9.687e-05 , 0.66276 , 0.51487 , 3079
fallcmaFEV1 , fallcma , FEV1 , -0.74494 , 0.01781 , -0.0003783 , 0.00014058 , 0.72481 , 0.6734 , 3079
fallcmaFEV3 , fallcma , FEV3 , -1.05229 , 0.02442 , -0.0004504 , 0.00016403 , 0.73177 , 0.7598 , 3079
fallcmaFEV6 , fallcma , FEV6 , -1.10971 , 0.02943 , -0.0004831 , 0.00016515 , 0.72235 , 0.76548 , 3079
fallcmaFVC , fallcma , FVC , -1.13803 , 0.03207 , -0.0004908 , 0.00016503 , 0.71313 , 0.76334 , 3079
fallcmaMMEF , fallcma , MMEF , 0.1821 , 0.0137 , -0.0004975 , 0.00012851 , 0.48436 , 1.10233 , 3079
fallcmaPEFR , fallcma , PEFR , -1.00384 , 0.08192 , -0.0011319 , 0.00024776 , 0.51349 , 1.54075 , 3079
fallbEXPIR , fallb , EXPIR , 4.76335 , 0.21953 , -0.0017426 , -4.67e-05 , 0.18413 , 3.73934 , 1547
fallbFEF75 , fallb , FEF75 , -0.36167 , -0.02411 , 6.72e-05 , 8.335e-05 , 0.35056 , 0.61043 , 1547
fallbFEV05 , fallb , FEV05 , -0.65292 , 0.01729 , -0.000332 , 9.954e-05 , 0.5883 , 0.4993 , 1547
fallbFEV1 , fallb , FEV1 , -0.99466 , 0.01446 , -0.0003467 , 0.00013576 , 0.64799 , 0.61977 , 1547
fallbFEV3 , fallb , FEV3 , -1.19292 , 0.01975 , -0.0004065 , 0.00015263 , 0.65674 , 0.68901 , 1547
fallbFEV6 , fallb , FEV6 , -1.22495 , 0.0242 , -0.0004375 , 0.00015304 , 0.65317 , 0.69741 , 1547
fallbFVC , fallb , FVC , -1.22677 , 0.02687 , -0.0004495 , 0.00015197 , 0.64715 , 0.69913 , 1547
fallbMMEF , fallb , MMEF , -0.70771 , 0.00949 , -0.0004573 , 0.00015203 , 0.35904 , 1.0909 , 1547
fallbPEFR , fallb , PEFR , -1.46464 , 0.08978 , -0.0013259 , 0.00025535 , 0.45369 , 1.63425 , 1547
fallcEXPIR , fallc , EXPIR , 5.70868 , 0.20427 , -0.0014795 , -6.609e-05 , 0.22487 , 3.88026 , 1517
fallcFEF75 , fallc , FEF75 , -0.11442 , -0.03134 , 0.0001315 , 8.463e-05 , 0.55152 , 0.66699 , 1517
fallcFEV05 , fallc , FEV05 , -0.37252 , 0.01863 , -0.0003164 , 9.518e-05 , 0.70245 , 0.5389 , 1517
fallcFEV1 , fallc , FEV1 , -0.74308 , 0.01498 , -0.0003341 , 0.0001395 , 0.75723 , 0.71823 , 1517
fallcFEV3 , fallc , FEV3 , -1.04389 , 0.02157 , -0.0004084 , 0.00016346 , 0.76141 , 0.81523 , 1517
fallcFEV6 , fallc , FEV6 , -1.09798 , 0.02752 , -0.0004507 , 0.00016389 , 0.749 , 0.81861 , 1517
fallcFVC , fallc , FVC , -1.13656 , 0.03077 , -0.0004654 , 0.00016383 , 0.73776 , 0.81499 , 1517
fallcMMEF , fallc , MMEF , 0.08367 , 0.00279 , -0.0003472 , 0.00013163 , 0.53246 , 1.12766 , 1517
fallcPEFR , fallc , PEFR , -0.8639 , 0.08712 , -0.0011503 , 0.00023327 , 0.5725 , 1.57302 , 1517
fallmaEXPIR , fallma , EXPIR , 4.42309 , 0.18054 , -0.001032 , -9.12e-06 , 0.25802 , 3.65905 , 1562
fallmaFEF75 , fallma , FEF75 , -0.29186 , -0.02299 , 1.95e-05 , 9.351e-05 , 0.41146 , 0.64804 , 1562
fallmaFEV05 , fallma , FEV05 , -0.59054 , 0.0234 , -0.0004025 , 0.00010657 , 0.63655 , 0.48792 , 1562
fallmaFEV1 , fallma , FEV1 , -0.96763 , 0.02154 , -0.0004395 , 0.00015006 , 0.69755 , 0.62517 , 1562
fallmaFEV3 , fallma , FEV3 , -1.21166 , 0.02932 , -0.0005263 , 0.00016959 , 0.70085 , 0.70204 , 1562
fallmaFEV6 , fallma , FEV6 , -1.25744 , 0.03367 , -0.0005528 , 0.00017063 , 0.69485 , 0.71018 , 1562
fallmaFVC , fallma , FVC , -1.27016 , 0.03525 , -0.0005461 , 0.00017042 , 0.68696 , 0.70914 , 1562
fallmaMMEF , fallma , MMEF , -0.38248 , 0.02365 , -0.0006457 , 0.00015246 , 0.42962 , 1.03395 , 1562
fallmaPEFR , fallma , PEFR , -1.44316 , 0.08379 , -0.0012172 , 0.00027048 , 0.4623 , 1.50923 , 1562
